artistfluffy.mat, 130.1065
cleanbedroomcleanbedroom.mat, 52.1885
cleanbedroomelephant.mat, 47.8992
cleanbedroomhighbuildings.mat, 180.0630
cleanbedroomrelaxed.mat, 64.5627
dogartist.mat, 54.4542
dogelephant.mat, 51.5128
doghighbuildings.mat, 47.1075
elephanthighbuildings.mat, 49.2928
fluffyelephant.mat, 128.7595
fluffyfluffy.mat, 65.8416
fluffynorthpole.mat, 41.9371
hamburgerhighbuildings.mat, 43.0408
hamburgernorthpole.mat, 46.6109
highbuildingsfluffy.mat, 90.8101
highbuildingshamburger.mat, 23.5644
highbuildingshighbuildings.mat, 44.9506
highbuildingslittlegirl.mat, 53.6051
littlegirlcleanbedroom.mat, 45.8135
littlegirldog.mat, 45.6930
littlegirlfluffy.mat, 48.6274
littlegirlhighbuildings.mat, 252.7661
littlegirllittlegirl.mat, 86.0550
littlegirlnorthpole.mat, 17.1196
northpoledog.mat, 51.8365
relaxedcleanbedroom.mat, 91.2595
relaxeddog.mat, 17.1174
relaxedhamburger.mat, 140.5032
relaxedrelaxed.mat, 58.9226
